{
  "landmarks": [
    {
      "slug": "university-of-texas",
      "name": "The University of Texas",
      "established": "Established September 15, 1883",
      "location": "110 Inner Campus Dr, Austin, TX 78712",
      "activities": "Sightseeing, bowling, exploring museums, attending concerts",
      "url": "http://www.utexas.edu",
      "image": "univ-of-tx.jpg",
      "imagebw": "univ-of-tx-bw.jpg",
      "description": "<p>The University of Texas at Austin (UT Austin) is a public research university in Austin, Texas. It was founded in 1883 and is the flagship institution of the University of Texas System. The institution has the nation's eighth-largest single-campus enrollment, with over 50,000 undergraduate and graduate students and over 24,000 faculty and staff.</p><p>A Public Ivy, it is a major center for academic research, with research expenditures exceeding $615 million for the 2016–2017 school year. The university houses seven museums and seventeen libraries, including the Lyndon Baines Johnson Library and Museum and the Blanton Museum of Art, and operates various auxiliary research facilities, such as the J. J. Pickle Research Campus and the McDonald Observatory.</p><p>- Source: <a href=\"https://en.wikipedia.org/wiki/University_of_Texas_at_Austin\">Wikipedia</a></p>"
    },
    {
      "slug": "texas-state-capitol",
      "name": "The Texas State Capitol",
      "established": "Established 1853",
      "location": "1100 Congress Ave, Austin, TX 78701",
      "activities": "Free 30-minute tours, good food, biking and sightseeing",
      "url": "http://https://tspb.texas.gov/prop/tc/tc/capitol.html",
      "image": "texas-state-capitol.jpg",
      "imagebw": "texas-state-capitol-bw.jpg",
      "description": "<p>The Texas State Capitol is the capitol building and seat of government of the American state of Texas. Located in downtown Austin, Texas, the structure houses the offices and chambers of the Texas Legislature and of the Governor of Texas.The building was added to the National Register of Historic Places in 1970 and recognized as a National Historic Landmark in 1986.</p>\n<p>The Texas State Capitol and grounds are located on a hilltop overlooking downtown Austin, with the main entrance facing onto the Congress Avenue Historic District to the south, for which it forms a terminating vista. The northern edge of the capitol grounds lies four blocks south of the University of Texas at Austin.The central rotunda is hung with portraits of all the past presidents of the Republic of Texas and governors of the State of Texas; the rotunda is also a whispering gallery. The south foyer features a large portrait of David Crockett, a painting depicting the surrender of General Santa Anna at the Battle of San Jacinto, and sculptures of Sam Houston and Stephen F. Austin made by Elisabet Ney. The Texas Confederate Museum was held in a room on the first floor from its opening in 1903 until 1920, when it was moved into the General Land Office Building (today the Capitol Visitors Center).</p>\n<p>- Source: <a href=\"https://en.wikipedia.org/wiki/Texas_State_Capitol\">Wikipedia</a></p>"
    },
    {
      "slug": "lady-bird-lake",
      "name": "Lady Bird Lake",
      "established": "Established 1960",
      "location": "1200 W Cesar Chavez St, Austin, TX 78703",
      "activities": "Hiking, biking, running, kayaking and paddleboarding",
      "url": "https://austintexas.gov/page/lady-bird-lake",
      "image": "lady-bird-lake.jpg",
      "imagebw": "lady-bird-lake-bw.jpg",
      "description": "<p>Lady Bird Lake (formerly, and still colloquially referred to as Town Lake) is a river-like reservoir on the Colorado River in Austin, Texas, United States. The City of Austin created the reservoir in 1960 as a cooling pond for a new city power plant. The lake, which has a surface area of 416 acres (168 ha), is now used primarily for recreation and flood control. The reservoir is named in honor of former First Lady of the United States Lady Bird Johnson.</p>\n<p>Lady Bird Lake is a major recreation area for the City of Austin. The lake's banks are bounded by the Ann and Roy Butler Hike-and-Bike Trail, and businesses offer recreational watercraft services along the lakefront portion of the trail. Austin's largest downtown park, Zilker Park, is adjacent to the lake, and Barton Springs, a major attraction for swimmers, flows into the lake.</p>\n<p>- Source: <a href=\"https://en.wikipedia.org/wiki/Lady_Bird_Lake\">Wikipedia</a></p>"
    },
    {
      "slug": "mount-bonnell",
      "name": "Mount Bonnell",
      "established": "Established June 2, 1939",
      "location": "3800 Mount Bonnell Dr., Austin, TX 78731",
      "activities": "Hiking, sightseeing",
      "url": "https://www.austintexas.org/listings/covert-park-at-mt-bonnell/2925/",
      "image": "mount-bonnell.jpg",
      "imagebw": "mount-bonnell-bw.jpg",
      "description": "<p>Mount Bonnell, also known as Covert Park, is a prominent point alongside the Lake Austin portion of the Colorado River in Austin, Texas. It has been a popular tourist destination since the 1850s. The mount provides a vista for viewing the city of Austin, Lake Austin, and the surrounding hills. It was designated a Recorded Texas Historic Landmark in 1969</p>\n<p>Mt. Bonnell has served as a popular attraction since the 1830s. Considered a more rural part of Austin then, picnics and outings were popular at the site, as well as entertainment, such as when Hazel Keyes, trailed by her monkey, slid down a cable stretched from the top of Mt. Bonnell to the south bank of the lake below in 1898. Today thousands of visitors ascend the 106 stone stairs to the summit to take in sweeping panoramic views of the lake, downtown, and the western hills of Austin.</p>\n<p>- Source: <a href=\"https://en.wikipedia.org/wiki/Mount_Bonnell\">Wikipedia</a></p>"
    }
  ],
  "activities": [
    {
      "activity": "Texas Farmer's Market at Mueller",
      "date_time": "Sundays 10:00am – 2:00pm",
      "address": "4209 Airport Blvd. Austin, Texas 78722",
      "url": "https://texasfarmersmarket.org/mueller/"
    },
    {
      "activity": "Community Night at the Thinkery",
      "date_time": "Wednesdays 4:00pm – 8:00pm",
      "address": "1830 Simond Ave., Austin, TX 78723",
      "url": "https://thinkeryaustin.org/visit-us/#hours"
    },
    {
      "activity": "Barton Springs Pool",
      "date_time": "Year-round",
      "address": "2201 Barton Springs Rd, Austin, TX 78704",
      "url": "https://www.austintexas.org/listings/barton-springs-pool/4687/"
    },
    {
      "activity": "Kayaking Lady Bird Lake at the Rowing Dock",
      "date_time": "Year-round",
      "address": "2418 Stratford Dr., Austin, TX 78746",
      "url": "https://www.austintexas.org/listings/rowing-dock/9470/"
    },
    {
      "activity": "See bats at the Congress Avenue Bridge",
      "date_time": "Summer evenings",
      "address": "100 Congress Ave, Austin, TX 78701-4072",
      "url": "http://www.batcon.org/index.php/our-work/regions/usa-canada/protect-mega-populations/cab-intro"
    },
    {
      "activity": "The Pecan Street Festival",
      "date_time": "Every spring and fall",
      "address": "501 Old Pecan St, Austin, TX 78701",
      "url": "https://www.austintexas.org/listings/barton-springs-pool/4687/"
    },
    {
      "activity": "See free concerts at The Blues on the Green",
      "date_time": "Once a month throughout the summer",
      "address": "2100 Barton Springs Rd., Zilker Park, Austin, TX 78746",
      "url": "https://www.austintexas.org/listings/blues-on-the-green/2673/"
    },
    {
      "activity": "Attend the South by Southwest Conference",
      "date_time": "Annually in the spring",
      "address": "Multiple locations in Austin, TX",
      "url": "https://www.austintexas.org/listings/barton-springs-pool/4687/"
    }
  ],
  "murals": [
    {
      "name": "I Love You So Much",
      "address": "1300 S Congress",
      "latitude": 30.251137,
      "longitude": -97.749408,
      "map_location": "https://www.google.com/maps/place/1300+S+Congress+Ave,+Austin,+TX+78704/@30.2510597,-97.7515619,17z/data=!3m1!4b1!4m5!3m4!1s0x8644b4fda23ffd41:0xf3722ef7083c2dc!8m2!3d30.2510597!4d-97.7493732"
    },
    {
      "name": "Greetings from Austin",
      "address": "1720 S 1st St",
      "latitude": 30.247675,
      "longitude": -97.755896,
      "map_location": "https://www.google.com/maps/place/Greetings+From+Austin+Mural/@30.2510597,-97.7515619,17z/data=!4m5!3m4!1s0x8644b4e39765202f:0xfd6a924c13ccd209!8m2!3d30.2476117!4d-97.7559562"
    },
    {
      "name": "Smile! Even if you don't want to",
      "address": "1511 S Congress Ave",
      "latitude": 30.248471,
      "longitude": -97.749713,
      "map_location": "https://www.google.com/maps/place/1511+S+Congress+Ave,+Austin,+TX+78704/@30.2482861,-97.7518802,17z/data=!3m1!4b1!4m5!3m4!1s0x8644b4fc5fddb655:0xe36e52feae959dc4!8m2!3d30.2482861!4d-97.7496915"
    },
    {
      "name": "Before I Die",
      "address": "206 E Elizabeth St",
      "latitude": 30.248761,
      "longitude": -97.747953,
      "map_location": "https://www.google.com/maps/place/206+E+Elizabeth+St,+Austin,+TX+78704/@30.2485316,-97.7501931,17z/data=!3m1!4b1!4m5!3m4!1s0x8644b4fc3c4c2f37:0x5fcf78f151a3d4a9!8m2!3d30.2485316!4d-97.7480044"
    },
    {
      "name": "Love From Austin",
      "address": "1920 S Congress Ave",
      "latitude": 30.245693,
      "longitude": -97.751956,
      "map_location": "https://www.google.com/maps/place/1920+S+Congress+Ave,+Austin,+TX+78704/@30.2485316,-97.7501931,17z/data=!4m5!3m4!1s0x8644b4fb2fce971b:0x1f1a9128b00b3628!8m2!3d30.2444561!4d-97.7519622"
    },
    {
      "name": "Willie Nelson For President",
      "address": "1415 S Congress Ave",
      "latitude": 30.249411,
      "longitude": -97.749558,
      "map_location": "https://www.google.com/maps/place/1415+S+Congress+Ave,+Austin,+TX+78745/@30.24923,-97.7517035,17z/data=!3m1!4b1!4m5!3m4!1s0x8644b4fc568ea163:0x4e31f4d646ff9cb6!8m2!3d30.2492254!4d-97.7495148"
    },
    {
      "name": "You Make My Heart Sing",
      "address": "301 W Riverside Dr",
      "latitude": 30.258437,
      "longitude": -97.748747,
      "map_location": "https://www.google.com/maps/place/301+W+Riverside+Dr,+Austin,+TX+78704/@30.24923,-97.7517035,17z/data=!4m5!3m4!1s0x8644b5038a2cfb65:0x62ab5526f120ca96!8m2!3d30.2581956!4d-97.7487578"
    },
    {
      "name": "Howdy Austin",
      "address": "601 W 6th St",
      "latitude": 30.269764,
      "longitude": -97.748641,
      "map_location": "https://www.google.com/maps/place/601+W+6th+St,+Austin,+TX+78701/@30.2695788,-97.75084,17z/data=!3m1!4b1!4m5!3m4!1s0x8644b50e9ead3a63:0x630af70d0dadc931!8m2!3d30.2695788!4d-97.7486513"
    },
    {
      "name": "Til Death Do Us Part",
      "address": "E 7th & Waller",
      "latitude": 30.2654,
      "longitude": -97.73012,
      "map_location": "https://www.google.com/maps/place/Til+death+Mural/@30.2652377,-97.7322873,17z/data=!3m1!4b1!4m5!3m4!1s0x8644b5baa7e42893:0x4c8906953344166e!8m2!3d30.2652331!4d-97.7300986"
    },
    {
      "name": "How You Doin'?",
      "address": "E 4th & Attayac",
      "latitude": 30.262413,
      "longitude": -97.730374,
      "map_location": "https://www.google.com/maps/place/Attayac+St+%26+E+4th+St,+Austin,+TX+78702/@30.2652377,-97.7322873,17z/data=!4m5!3m4!1s0x8644b5b1d32e447f:0x3eb4a2083920ecc4!8m2!3d30.2622368!4d-97.7303524"
    },
    {
      "name": "You're My Butter Half",
      "address": "2000 E MLK Jr Blvd",
      "latitude": 30.2802981,
      "longitude": -97.7195955,
      "map_location": "https://www.google.com/maps/place/You're+My+Butter+Half+Mural/@30.2802981,-97.7195955,15z/data=!4m5!3m4!1s0x0:0x8d662d038e9c4ac8!8m2!3d30.2802981!4d-97.7195955"
    },
    {
      "name": "Austin, Texas",
      "address": "3700 Guadalupe",
      "latitude": 30.302366,
      "longitude": -97.738721,
      "map_location": "https://www.google.com/maps/place/3700+Guadalupe+St,+Austin,+TX+78705/@30.3021669,-97.7409096,17z/data=!3m1!4b1!4m5!3m4!1s0x8644ca7efed8b1e9:0xfd0685426304bf72!8m2!3d30.3021623!4d-97.7387209"
    },
    {
      "name": "Hello!",
      "address": "1102 Koenig Lane",
      "latitude": 30.329744,
      "longitude": -97.728463,
      "map_location": "https://www.google.com/maps/place/1102+W+Koenig+Ln,+Austin,+TX+78752/@30.329633,-97.7306408,17z/data=!3m1!4b1!4m5!3m4!1s0x8644ca448b63bc8d:0x138bd9e0c7f67c99!8m2!3d30.329633!4d-97.7284521"
    },
    {
      "name": "Colorful yellow and pink wall",
      "address": "11601 Rock Rose Ave Ste 128",
      "latitude": 30.401868,
      "longitude": -97.7223,
      "map_location": "https://www.google.com/maps/place/11601+Rock+Rose+Ave+%23128,+Austin,+TX+78758/@30.4016739,-97.7244675,17z/data=!3m1!4b1!4m5!3m4!1s0x8644cc72f3455aff:0xdcf0f02c07f9061d!8m2!3d30.4016739!4d-97.7222788"
    },
    {
      "name": "Hi, How Are You (Jeremiah The Innocent)",
      "address": "408 W 21st St",
      "latitude": 30.283899,
      "longitude": -97.7443368,
      "map_location": "https://www.google.com/maps/place/Jeremiah+The+Innocent+Mural/@30.283899,-97.7443368,17z/data=!4m8!1m2!2m1!1shi+how+are+you+mural!3m4!1s0x8644b5762f659f4f:0xfdb658a0319b28d5!8m2!3d30.2838944!4d-97.7421481"
    }
  ]
}
