{
  "restaurants": [
    {
      "name": "Franklin Barbecue",
      "address": "900 E 11th St, Austin, TX 78702",
      "category": "Barbecue",
      "image": "franklin-bbq.jpg"
    },
    {
      "name": "Home Slice Pizza",
      "address": "1415 S Congress Ave, Austin, TX 78704",
      "category": "Pizza",
      "image": "homeslice-pizza.jpg"
    },
    {
      "name": "Juan in a Million",
      "address": "2300 E Cesar Chavez St, Austin, TX 78702",
      "category": "Tex-Mex",
      "image": "juan-in-a-million.jpg"
    },
    {
      "name": "Launderette",
      "address": "2115 Holly St, Austin, TX 78702",
      "category": "American",
      "image": "launderette.jpg"
    },
    {
      "name": "Oseyo",
      "address": "1628 E Cesar Chavez St, Austin, TX 78702",
      "category": "Korean",
      "image": "oseyo.jpg"
    },
    {
      "name": "Valentina's Tex Mex BBQ",
      "address": "11500 Menchaca Rd, Austin, TX 78748",
      "category": "Tacos",
      "image": "valentinas.jpg"
    },
    {
      "name": "The Peached Tortilla",
      "address": "5520 Burnet Rd #100, Austin, TX 78756",
      "category": "Asian fusion",
      "image": "peached-tortilla.jpg"
    },
    {
      "name": "Patrizi's",
      "address": "2307 Manor Rd, Austin, TX 78722",
      "category": "Italian",
      "image": "patrizis.jpg"
    },
    {
      "name": "Bufalina",
      "address": "1519 E Cesar Chavez St #200, Austin, TX 78702",
      "category": "Pizza",
      "image": "bufalina.jpg"
    },
    {
      "name": "Via313",
      "address": "61 Rainey St, Austin, TX 78701",
      "category": "Pizza",
      "image": "via313.jpg"
    },
    {
      "name": "Uchi",
      "address": "801 S Lamar Blvd, Austin, TX 78704",
      "category": "Japanese",
      "image": "uchi.jpg"
    },
    {
      "name": "888 Pan Asian Restaurant",
      "address": "2400 E Oltorf St #1A, Austin, TX 78741",
      "category": "Pan-Asian",
      "image": "888.jpg"
    }
  ]
}
