{
  "members": [
    {
      "slug": "freddie-mercury",
      "name": "Freddie Mercury",
      "instruments": "Vocals, keyboards",
      "tenure": "(1970–1991; his death)",
      "birthplace": "Stone Town, Zanzibar",
      "birthdate": "9/5/1946",
      "image": "freddie-mercury-color.jpg",
      "imagebw": "freddie-mercury-bw.jpg",
      "description": "<p>Farrokh Bulsara (5 September 1946 – 24 November 1991), known professionally as Freddie Mercury, was a British singer-songwriter and record producer, best known as the lead vocalist of the rock band Queen. He was known for his flamboyant stage persona and four-octave vocal range. Mercury wrote numerous hits for Queen, including \"Bohemian Rhapsody\", \"Killer Queen\", \"Somebody to Love\", \"Don't Stop Me Now\", \"Crazy Little Thing Called Love\", and \"We Are the Champions\". He led a solo career while performing with Queen, and occasionally served as a producer and guest musician for other artists.</p>\n<p>Mercury was born of Parsi descent on Zanzibar, and grew up there and in India before moving with his family to Middlesex, England, in his late teens. He formed Queen in 1970 with guitarist Brian May and drummer Roger Taylor. Mercury died in 1991 at age 45 due to complications from AIDS, having confirmed the day before his death that he had contracted the disease.</p>\n<p>In 1992, Mercury was posthumously awarded the Brit Award for Outstanding Contribution to British Music, and a tribute concert was held at Wembley Stadium, London. As a member of Queen, he was inducted into the Rock and Roll Hall of Fame in 2001, the Songwriters Hall of Fame in 2003, and the UK Music Hall of Fame in 2004. In 2002, he was placed number 58 in the BBC's 2002 poll of the 100 Greatest Britons. He is consistently voted one of the greatest singers in the history of popular music.</p>\n<p>- Source: <a href=\"https://en.wikipedia.org/wiki/Freddie_Mercury\">Wikipedia</a></p>"
    },
    {
      "slug": "brian-may",
      "name": "Brian May",
      "instruments": "Guitar, keyboards, vocals",
      "tenure": "(1970–present)",
      "birthplace": "Hampton, England",
      "birthdate": "7/19/1947",
      "image": "brian-may-color.jpg",
      "imagebw": "brian-may-bw.jpg",
      "description": "<p>Brian Harold May, CBE (born 19 July 1947) is an English musician, singer, songwriter and photographer. He is best known as the lead guitarist of the rock band Queen. In 2001, he was inducted into the Rock and Roll Hall of Fame as one of the band's members; and in 2018, he received the Grammy Lifetime Achievement Award which recognises \"the most distinctive recordings in music history\". He uses a home-built electric guitar called the Red Special. His compositions for the band include \"We Will Rock You\", \"Tie Your Mother Down\", \"I Want It All\", \"Fat Bottomed Girls\", \"Flash\", \"Hammer to Fall\", \"Save Me\", \"Who Wants to Live Forever\", and \"The Show Must Go On\".</p>\n<p>May was a co-founder of Queen with lead singer Freddie Mercury and drummer Roger Taylor, having previously performed with Taylor in the band Smile, which he had joined while he was at university. Within five years of their formation in 1970 and the recruitment of bass player John Deacon completing the lineup, Queen had become one of the biggest rock bands in the world with the success of the album A Night at the Opera and its song \"Bohemian Rhapsody\". From the mid-1970s until the early 1990s, Queen were an almost constant presence in the UK charts and played some of the biggest venues in the world, most notably giving an acclaimed performance at Live Aid in 1985. As a member of Queen, May became regarded as a virtuoso musician and he was identified with a distinctive sound created through his layered guitar work.</p>\n<p>Following the death of Mercury in 1991, Queen were put on hiatus for several years but were eventually reconvened by May and Taylor for further performances featuring other vocalists. In 2005, a Planet Rock poll saw May voted the 7th greatest guitarist of all time. He was ranked at No. 26 on Rolling Stone magazine's list of the \"100 Greatest Guitarists of All Time\". In 2012, May was ranked the 2nd greatest guitarist of all time by a Guitar World magazine readers poll.</p>\n<p>- Source: <a href=\"https://en.wikipedia.org/wiki/Brian_May\">Wikipedia</a></p>"
    },
    {
      "slug": "roger-taylor",
      "name": "Roger Taylor",
      "instruments": "Drums, guitar, keyboards, vocals",
      "tenure": "(1970–present)",
      "birthplace": "King's Lynn, England",
      "birthdate": "7/26/1949",
      "image": "roger-taylor-color.jpg",
      "imagebw": "roger-taylor-bw.jpg",
      "description": "<p>Roger Meddows Taylor (born 26 July 1949) is an English musician, singer, songwriter, and multi-instrumentalist, best known as the drummer for the rock band Queen. As a drummer, Taylor was recognised early in his career for his unique sound. He was voted by radio listeners as the eighth-greatest drummer in classic rock music history in a poll conducted by Planet Rock in 2005.</p>\n<p>As a songwriter, Taylor contributed songs to Queen's albums from the very beginning, composing at least one track on every album, and often singing lead vocals on his own compositions. He wrote or co-wrote three UK number 1s (\"These Are the Days of Our Lives\", \"Innuendo\" and \"Under Pressure\") and contributed a further five major hits (\"Radio Ga Ga\", \"A Kind of Magic\", \"Heaven for Everyone\", \"Breakthru\", and \"The Invisible Man\"). He is also commonly known to have been the main writer on the international top-ten hit \"One Vision\", although the track is credited to the whole band. He has collaborated with such artists as Eric Clapton, Roger Waters, Roger Daltrey, Robert Plant, Phil Collins, Genesis, Jimmy Nail, Elton John, Gary Numan, Shakin' Stevens, Foo Fighters, Al Stewart, Steve Vai, Yoshiki, Cyndi Almouzni, and Bon Jovi. As a producer, he has produced albums by Virginia Wolf, Jimmy Nail and Magnum.</p>\n<p>In addition to his drum work, Taylor sometimes played keyboards, guitars and bass on his own songs. During the 1980s, in addition to his work with Queen, he formed a parallel band known as the Cross, in which he was the lead singer and rhythm guitarist. During the early 1980s, Taylor was also a panellist on the popular UK quiz show Pop Quiz, hosted by Mike Read.</p>\n<p>- Source: <a href=\"https://en.wikipedia.org/wiki/Roger_Taylor_(Queen_drummer)\">Wikipedia</a></p>"
    },
    {
      "slug": "john-deacon",
      "name": "John Deacon",
      "instruments": "Bass, guitar, keyboards",
      "tenure": "(1971–1997)",
      "birthplace": "Leicester, England",
      "birthdate": "8/19/1951",
      "image": "john-deacon-color.jpg",
      "imagebw": "john-deacon-bw.jpg",
      "description": "<p>John Richard Deacon (born 19 August 1951) is an English retired musician, best known for being the bass guitarist for the rock band Queen. He composed several singles for the group—including Top 10 hits \"You're My Best Friend\", \"Another One Bites the Dust\", \"Back Chat\", and \"I Want to Break Free\"—and was involved in the band's financial management.</p>\n<p>Deacon grew up in Oadby, Leicestershire, playing bass in a local band, The Opposition, before moving to study electronics at Chelsea College, London. He joined Queen in 1971 on the strength of his musical and electronic skills, particularly the home-made Deacy Amp which guitarist Brian May used to create guitar orchestras throughout Queen's career. From the third album, Sheer Heart Attack, onwards, he wrote at least one song per album, several of which became hits. As well as bass, Deacon played some guitar and keyboards on Queen's studio work, but was the only member never to sing on their records, though he did contribute backing vocals during live performances.</p>\n<p>Following frontman Freddie Mercury's death in 1991, and the following year's Tribute Concert, Deacon only performed a few times with the remaining members of Queen before retiring from the music industry in 1997 after recording \"No-One but You (Only the Good Die Young)\". He has not performed on any of the other projects that the other two surviving members, May and Roger Taylor, have put together.</p>\n<p>- Source: <a href=\"https://en.wikipedia.org/wiki/John_Deacon\">Wikipedia</a></p>"
    }
  ],
  "discography": [
    {
      "title": "Queen",
      "year": 1973,
      "image": "Queen_Queen.png"
    },
    {
      "title": "Queen II",
      "year": 1974,
      "image": "Queen_Queen_II.jpg"
    },
    {
      "title": "Sheer Heart Attack",
      "year": 1974,
      "image": "Queen_Sheer_Heart_Attack.png"
    },
    {
      "title": "A Night at the Opera",
      "year": 1975,
      "image": "Queen_A_Night_At_The_Opera.png"
    },
    {
      "title": "A Day at the Races",
      "year": 1976,
      "image": "Queen_A_Day_at_the_Races.jpg"
    },
    {
      "title": "News of the World",
      "year": 1977,
      "image": "Queen_News_Of_The_World.png"
    },
    {
      "title": "Jazz",
      "year": 1978,
      "image": "Queen_Jazz.png"
    },
    {
      "title": "The Game",
      "year": 1980,
      "image": "Queen_The_Game.png"
    },
    {
      "title": "Flash Gordon (Original Soundtrack)",
      "year": 1980,
      "image": "Queen_Flash_Gordon.png"
    },
    {
      "title": "Hot Space",
      "year": 1982,
      "image": "Queen_Hot_Space.png"
    },
    {
      "title": "The Works",
      "year": 1984,
      "image": "Queen_The_Works.png"
    },
    {
      "title": "A Kind of Magic",
      "year": 1986,
      "image": "Queen_A_Kind_Of_Magic.png"
    },
    {
      "title": "The Miracle",
      "year": 1989,
      "image": "Queen_The_Miracle.png"
    },
    {
      "title": "Innuendo",
      "year": 1991,
      "image": "Queen_Innuendo.png"
    },
    {
      "title": "Made in Heaven",
      "year": 1995,
      "image": "Queen_Made_in_Heaven.jpg"
    }
  ],
  "billboard": [
    {
      "Performer": "Queen",
      "Song": "Another One Bites The Dust",
      "Weeks on chart": 31,
      "Top position": 1
    },
    {
      "Performer": "Queen",
      "Song": "Crazy Little Thing Called Love",
      "Weeks on chart": 22,
      "Top position": 1
    },
    {
      "Performer": "Queen",
      "Song": "Bohemian Rhapsody",
      "Weeks on chart": 44,
      "Top position": 2
    },
    {
      "Performer": "Queen",
      "Song": "We Will Rock You/We Are The Champions",
      "Weeks on chart": 41,
      "Top position": 4
    },
    {
      "Performer": "Queen",
      "Song": "Body Language",
      "Weeks on chart": 14,
      "Top position": 11
    },
    {
      "Performer": "Queen",
      "Song": "Killer Queen",
      "Weeks on chart": 19,
      "Top position": 12
    },
    {
      "Performer": "Queen",
      "Song": "Somebody To Love",
      "Weeks on chart": 15,
      "Top position": 13
    },
    {
      "Performer": "Queen",
      "Song": "Radio Ga-ga",
      "Weeks on chart": 13,
      "Top position": 16
    },
    {
      "Performer": "Queen",
      "Song": "You're My Best Friend",
      "Weeks on chart": 16,
      "Top position": 16
    },
    {
      "Performer": "Queen",
      "Song": "Bicycle Race/Fat Bottomed Girls",
      "Weeks on chart": 12,
      "Top position": 24
    },
    {
      "Performer": "Queen",
      "Song": "A Kind Of Magic",
      "Weeks on chart": 11,
      "Top position": 42
    },
    {
      "Performer": "Queen",
      "Song": "Flash's Theme Aka Flash",
      "Weeks on chart": 10,
      "Top position": 42
    },
    {
      "Performer": "Queen",
      "Song": "Play The Game",
      "Weeks on chart": 9,
      "Top position": 42
    },
    {
      "Performer": "Queen",
      "Song": "Need Your Loving Tonight",
      "Weeks on chart": 11,
      "Top position": 44
    },
    {
      "Performer": "Queen",
      "Song": "I Want To Break Free",
      "Weeks on chart": 8,
      "Top position": 45
    },
    {
      "Performer": "Queen",
      "Song": "Tie Your Mother Down",
      "Weeks on chart": 6,
      "Top position": 49
    },
    {
      "Performer": "Queen",
      "Song": "I Want It All",
      "Weeks on chart": 10,
      "Top position": 50
    },
    {
      "Performer": "Queen",
      "Song": "Calling All Girls",
      "Weeks on chart": 6,
      "Top position": 60
    },
    {
      "Performer": "Queen",
      "Song": "One Vision",
      "Weeks on chart": 10,
      "Top position": 61
    },
    {
      "Performer": "Queen",
      "Song": "It's A Hard Life",
      "Weeks on chart": 4,
      "Top position": 72
    },
    {
      "Performer": "Queen",
      "Song": "It's Late",
      "Weeks on chart": 5,
      "Top position": 74
    },
    {
      "Performer": "Queen",
      "Song": "Don't Stop Me Now",
      "Weeks on chart": 4,
      "Top position": 86
    }
  ],
  "tour2021": [
    {
      "date": "5/23/2021",
      "city": "Bologna, Italy",
      "venue": "Unipol Arena"
    },
    {
      "date": "5/26/2021",
      "city": "Paris, France",
      "venue": "AccorHotels Arena (Postponed)"
    },
    {
      "date": "5/27/2021",
      "city": "Antwerp Belgium",
      "venue": "Sportspalais"
    },
    {
      "date": "5/29/2021",
      "city": "Amsterdam, Netherlands",
      "venue": "Ziggo Dome"
    },
    {
      "date": "5/30/2021",
      "city": "Amsterdam, Netherlands",
      "venue": "Ziggo Dome"
    },
    {
      "date": "6/1/2021",
      "city": "London, UK",
      "venue": "O2"
    },
    {
      "date": "6/2/2021",
      "city": "London, UK",
      "venue": "O2"
    },
    {
      "date": "6/4/2021",
      "city": "London, UK",
      "venue": "O2"
    },
    {
      "date": "6/5/2021",
      "city": "London, UK",
      "venue": "O2"
    },
    {
      "date": "6/7/2021",
      "city": "London, UK",
      "venue": "O2"
    },
    {
      "date": "6/8/2021",
      "city": "London, UK",
      "venue": "O2"
    },
    {
      "date": "6/10/2021",
      "city": "Manchester, UK",
      "venue": "Manchester Arena"
    },
    {
      "date": "6/11/2021",
      "city": "Manchester, UK",
      "venue": "Manchester Arena"
    },
    {
      "date": "6/13/2021",
      "city": "Birmingham, UK",
      "venue": "Arena Birmingham"
    },
    {
      "date": "6/14/2021",
      "city": "Birmingham, UK",
      "venue": "Arena Birmingham"
    },
    {
      "date": "6/16/2021",
      "city": "London, UK",
      "venue": "O2"
    },
    {
      "date": "6/17/2021",
      "city": "London, UK",
      "venue": "O2"
    },
    {
      "date": "6/19/2021",
      "city": "London, UK",
      "venue": "O2"
    },
    {
      "date": "6/20/2021",
      "city": "London, UK",
      "venue": "O2"
    },
    {
      "date": "6/24/2021",
      "city": "Berlin, Germany",
      "venue": "Mercedes-Benz Arena"
    },
    {
      "date": "6/26/2021",
      "city": "Cologne, Germany",
      "venue": "Lanxess Arena"
    },
    {
      "date": "6/28/2021",
      "city": "Zurich, Switzerland",
      "venue": "Hallenstadion"
    },
    {
      "date": "6/29/2021",
      "city": "Munich, Germany",
      "venue": "Olympiahalle"
    },
    {
      "date": "7/1/2021",
      "city": "Copenhagen, Denmark",
      "venue": "Royal Arena"
    },
    {
      "date": "7/2/2021",
      "city": "Copenhagen, Denmark",
      "venue": "Royal Arena"
    },
    {
      "date": "7/6/2021",
      "city": "Madrid, Spain",
      "venue": "Wiznik Centre"
    },
    {
      "date": "7/7/2021",
      "city": "Madrid, Spain",
      "venue": "Wiznik Centre"
    }
  ]
}
